id,title,author,created_utc,subreddit,num_comments,score,upvote_ratio,url,is_self,over_18,stickied,spoiler,permalink,num_crossposts,engagement_level,length_category
1lft61l,What are the ‚Äúhard‚Äù topics in data engineering?,hijkblck93,2025-06-20T02:45:00,dataengineering,91,233,0.98,https://i.redd.it/7ln7jfmpwz7f1.jpeg,False,False,False,False,/r/dataengineering/comments/1lft61l/what_are_the_hard_topics_in_data_engineering/,0,medium,short
1lfj3uh,"Is Factorio really that good of a game for Data Engineers? Does it help to ""think like a data engineer""?",Illustrious-Pound266,2025-06-19T19:03:58,dataengineering,41,60,0.78,https://www.reddit.com/r/dataengineering/comments/1lfj3uh/is_factorio_really_that_good_of_a_game_for_data/,True,False,False,False,/r/dataengineering/comments/1lfj3uh/is_factorio_really_that_good_of_a_game_for_data/,0,medium,short
1lfd1lv,Is Spark used outside of Databricks?,Chance_Reserve_9762,2025-06-19T15:02:46,dataengineering,67,47,0.86,https://www.reddit.com/r/dataengineering/comments/1lfd1lv/is_spark_used_outside_of_databricks/,True,False,False,False,/r/dataengineering/comments/1lfd1lv/is_spark_used_outside_of_databricks/,0,medium,long
1lf9sj2,"Which ETL tool is most reliable for enterprise use, especially when cost is a critical factor?",bloodychickentinola,2025-06-19T12:39:51,dataengineering,82,43,0.96,https://www.reddit.com/r/dataengineering/comments/1lf9sj2/which_etl_tool_is_most_reliable_for_enterprise/,True,False,False,False,/r/dataengineering/comments/1lf9sj2/which_etl_tool_is_most_reliable_for_enterprise/,0,medium,short
1lfhxcs,What I learned from the book Designing Data-Intensive Applications?,milanm08,2025-06-19T18:16:54,dataengineering,4,33,0.87,https://newsletter.techworld-with-milan.com/p/what-i-learned-from-the-book-designing,False,False,False,False,/r/dataengineering/comments/1lfhxcs/what_i_learned_from_the_book_designing/,0,low,empty
1lf85o6,"Which cloud DE platform (ADF, AWS, etc.) is free to use for small personal projects that I can put on my CV?",Lastrevio,2025-06-19T11:13:24,dataengineering,16,22,0.89,https://www.reddit.com/r/dataengineering/comments/1lf85o6/which_cloud_de_platform_adf_aws_etc_is_free_to/,True,False,False,False,/r/dataengineering/comments/1lf85o6/which_cloud_de_platform_adf_aws_etc_is_free_to/,0,low,long
1lf6ger,Is MySQL version 5.7 still commonly used for production databases?,Which-External6344,2025-06-19T09:25:08,dataengineering,8,20,0.91,https://www.reddit.com/r/dataengineering/comments/1lf6ger/is_mysql_version_57_still_commonly_used_for/,True,False,False,False,/r/dataengineering/comments/1lf6ger/is_mysql_version_57_still_commonly_used_for/,0,low,long
1lfbewj,First ETL Data pipeline,Pucci800,2025-06-19T13:54:41,dataengineering,2,9,0.85,https://github.com/pucci800/ai_dc_energy_demand,False,False,False,False,/r/dataengineering/comments/1lfbewj/first_etl_data_pipeline/,0,low,long
1lfevqh,Data Lineage + Airflow / Data pipelines in general,imbettliechen,2025-06-19T16:17:15,dataengineering,8,6,1.0,https://www.reddit.com/r/dataengineering/comments/1lfevqh/data_lineage_airflow_data_pipelines_in_general/,True,False,False,False,/r/dataengineering/comments/1lfevqh/data_lineage_airflow_data_pipelines_in_general/,0,low,long
1lfc5eq,[Databricks/PySpark] Getting Down to the JVM: How to Handle Atomic Commits & Advanced Ops in Python ETLs,PuzzleheadedRule4787,2025-06-19T14:26:29,dataengineering,4,7,1.0,https://www.reddit.com/r/dataengineering/comments/1lfc5eq/databrickspyspark_getting_down_to_the_jvm_how_to/,True,False,False,False,/r/dataengineering/comments/1lfc5eq/databrickspyspark_getting_down_to_the_jvm_how_to/,0,low,long
1lfg8ii,How do you handle development/testing environments in data engineering to avoid impacting production systems?,mvmaasakkers,2025-06-19T17:11:05,dataengineering,5,6,1.0,https://www.reddit.com/r/dataengineering/comments/1lfg8ii/how_do_you_handle_developmenttesting_environments/,True,False,False,False,/r/dataengineering/comments/1lfg8ii/how_do_you_handle_developmenttesting_environments/,0,low,long
1lfb1c1,How do you query large datasets?,burnt-cucumber,2025-06-19T13:37:44,dataengineering,6,4,0.84,https://www.reddit.com/r/dataengineering/comments/1lfb1c1/how_do_you_query_large_datasets/,True,False,False,False,/r/dataengineering/comments/1lfb1c1/how_do_you_query_large_datasets/,0,low,long
1lfz2f4,What's the fastest-growing data engineering platform in the US right now?,External-Originals,2025-06-20T08:46:57,dataengineering,5,7,0.82,https://www.reddit.com/r/dataengineering/comments/1lfz2f4/whats_the_fastestgrowing_data_engineering/,True,False,False,False,/r/dataengineering/comments/1lfz2f4/whats_the_fastestgrowing_data_engineering/,0,low,short
1lfbgqz,Elasticsearch vs ClickHouse vs Apache Doris ‚Äî which powers observability better?,Any_Opportunity1234,2025-06-19T13:57:07,dataengineering,0,4,0.75,https://www.velodb.io/blog/1406,False,False,False,False,/r/dataengineering/comments/1lfbgqz/elasticsearch_vs_clickhouse_vs_apache_doris_which/,0,low,empty
1lfywaz,Proper production practises in Databricks?,mean_king17,2025-06-20T08:35:12,dataengineering,0,2,0.76,https://www.reddit.com/r/dataengineering/comments/1lfywaz/proper_production_practises_in_databricks/,True,False,False,False,/r/dataengineering/comments/1lfywaz/proper_production_practises_in_databricks/,0,low,long
1lfysr0,SSAS cube too large to process in one go ‚Äî separate transactions in SSIS won‚Äôt save,Way2Drxpi,2025-06-20T08:28:25,dataengineering,0,5,1.0,https://www.reddit.com/r/dataengineering/comments/1lfysr0/ssas_cube_too_large_to_process_in_one_go_separate/,True,False,False,False,/r/dataengineering/comments/1lfysr0/ssas_cube_too_large_to_process_in_one_go_separate/,0,low,long
1lfykr8,How to do data schema validation in python.,ReportAccomplished71,2025-06-20T08:13:11,dataengineering,3,1,0.6,https://www.reddit.com/r/dataengineering/comments/1lfykr8/how_to_do_data_schema_validation_in_python/,True,False,False,False,/r/dataengineering/comments/1lfykr8/how_to_do_data_schema_validation_in_python/,0,low,short
1lfxkuw,How do you handle schema evolution?,Familiar_Poetry401,2025-06-20T07:07:19,dataengineering,3,6,1.0,https://www.reddit.com/r/dataengineering/comments/1lfxkuw/how_do_you_handle_schema_evolution/,True,False,False,False,/r/dataengineering/comments/1lfxkuw/how_do_you_handle_schema_evolution/,0,low,long
1lfw8wc,Snowflake as API backend,sangmelima,2025-06-20T05:40:54,dataengineering,5,2,0.76,https://www.reddit.com/r/dataengineering/comments/1lfw8wc/snowflake_as_api_backend/,True,False,False,False,/r/dataengineering/comments/1lfw8wc/snowflake_as_api_backend/,0,low,long
1lff2km,Need Help: Building Accurate Multimodal RAG for SOP PDFs with Screenshot Images (Azure Stack),Slight-Support7917,2025-06-19T16:24:55,dataengineering,0,2,0.76,https://www.reddit.com/r/dataengineering/comments/1lff2km/need_help_building_accurate_multimodal_rag_for/,True,False,False,False,/r/dataengineering/comments/1lff2km/need_help_building_accurate_multimodal_rag_for/,0,low,long
1lfbgiq,Liquid Clustering - Does cluster column order matter?,shmo-678,2025-06-19T13:56:48,dataengineering,0,2,0.76,https://www.reddit.com/r/dataengineering/comments/1lfbgiq/liquid_clustering_does_cluster_column_order_matter/,True,False,False,False,/r/dataengineering/comments/1lfbgiq/liquid_clustering_does_cluster_column_order_matter/,0,low,short
1lfbazz,How do you keep your team aligned on key metrics and KPIs?,dbzkunalss,2025-06-19T13:49:49,dataengineering,0,1,0.57,https://www.reddit.com/r/dataengineering/comments/1lfbazz/how_do_you_keep_your_team_aligned_on_key_metrics/,True,False,False,False,/r/dataengineering/comments/1lfbazz/how_do_you_keep_your_team_aligned_on_key_metrics/,0,low,long
1lf9s0i,"Which data integration platforms are actually leaning into AI, not just hyping it?",CaptainBrima,2025-06-19T12:39:04,dataengineering,3,2,0.67,https://www.reddit.com/r/dataengineering/comments/1lf9s0i/which_data_integration_platforms_are_actually/,True,False,False,False,/r/dataengineering/comments/1lf9s0i/which_data_integration_platforms_are_actually/,0,low,short
1lf6ulx,Bytebase 3.7.1 released -- Database DevSecOps for MySQL/PG/MSSQL/Oracle/Snowflake/Clickhouse,Adela_freedom,2025-06-19T09:52:11,dataengineering,0,2,0.76,https://docs.bytebase.com/changelog/bytebase-3-7-1,False,False,False,False,/r/dataengineering/comments/1lf6ulx/bytebase_371_released_database_devsecops_for/,0,low,empty
1lfyp8c,Is capacity-based pricing cheaper than pay-per-row? Looking at Airbyte vs others,Heretostay59,2025-06-20T08:21:42,dataengineering,0,1,0.67,https://www.reddit.com/r/dataengineering/comments/1lfyp8c/is_capacitybased_pricing_cheaper_than_payperrow/,True,False,False,False,/r/dataengineering/comments/1lfyp8c/is_capacitybased_pricing_cheaper_than_payperrow/,0,low,short
1lfy77d,SQL or API - Dynamic Selection on multiple languages,JonPX,2025-06-20T07:47:50,dataengineering,3,1,0.67,https://www.reddit.com/r/dataengineering/comments/1lfy77d/sql_or_api_dynamic_selection_on_multiple_languages/,True,False,False,False,/r/dataengineering/comments/1lfy77d/sql_or_api_dynamic_selection_on_multiple_languages/,0,low,long
1lfty8g,Tools and Framework Advice,looking_for_info7654,2025-06-20T03:26:46,dataengineering,3,1,0.67,https://www.reddit.com/r/dataengineering/comments/1lfty8g/tools_and_framework_advice/,True,False,False,False,/r/dataengineering/comments/1lfty8g/tools_and_framework_advice/,0,low,long
1lfcq3m,When plans change at 500 feet: Complex event processing of ADS-B aviation data with Apache Flink,rmoff,2025-06-19T14:50:00,dataengineering,0,1,0.6,https://simonaubury.substack.com/p/when-plans-change-at-500-feet-complex-event-processing-of-ads-b-aviation-data-with-apache-flink-52b6381d6a20?triedRedirect=true,False,False,False,False,/r/dataengineering/comments/1lfcq3m/when_plans_change_at_500_feet_complex_event/,0,low,empty
1lfar60,Can we setup kafka topic lifecycle?,iamthatmadman,2025-06-19T13:24:49,dataengineering,2,1,0.67,https://www.reddit.com/r/dataengineering/comments/1lfar60/can_we_setup_kafka_topic_lifecycle/,True,False,False,False,/r/dataengineering/comments/1lfar60/can_we_setup_kafka_topic_lifecycle/,0,low,long
1lf84d3,"I want to create a frontend for my ETL pipeline, what do I need to know and what resources can I use?",godz_ares,2025-06-19T11:11:15,dataengineering,6,1,0.67,https://www.reddit.com/r/dataengineering/comments/1lf84d3/i_want_to_create_a_frontend_for_my_etl_pipeline/,True,False,False,False,/r/dataengineering/comments/1lf84d3/i_want_to_create_a_frontend_for_my_etl_pipeline/,0,low,long
1lfxvqm,First Job Offer as Junior Data Specialist (BI/Azure) ‚Äì Would Love Your Input on Salary & Benefits üá≥üá±,AncientInevitable830,2025-06-20T07:27:17,dataengineering,3,2,0.67,https://www.reddit.com/r/dataengineering/comments/1lfxvqm/first_job_offer_as_junior_data_specialist_biazure/,True,False,False,False,/r/dataengineering/comments/1lfxvqm/first_job_offer_as_junior_data_specialist_biazure/,1,low,long
1lfksh9,Hugging Face Datasets,MasaFinance,2025-06-19T20:12:51,dataengineering,0,0,0.5,https://www.reddit.com/r/dataengineering/comments/1lfksh9/hugging_face_datasets/,True,False,False,False,/r/dataengineering/comments/1lfksh9/hugging_face_datasets/,0,low,short
1lfk4rw,Need help understanding the below job description,krishchawla16,2025-06-19T19:45:52,dataengineering,2,0,0.5,https://www.reddit.com/r/dataengineering/comments/1lfk4rw/need_help_understanding_the_below_job_description/,True,False,False,False,/r/dataengineering/comments/1lfk4rw/need_help_understanding_the_below_job_description/,0,low,long
1lfud7j,Pls suggest windows laptop configuration. Planning to rent for practicing 'CV worth projects'.,SettingAi4834,2025-06-20T03:50:23,dataengineering,9,0,0.42,https://www.reddit.com/r/dataengineering/comments/1lfud7j/pls_suggest_windows_laptop_configuration_planning/,True,False,False,False,/r/dataengineering/comments/1lfud7j/pls_suggest_windows_laptop_configuration_planning/,0,low,short
